title,subtitle,link
STRIKER POSE,Haaland's girlfriend Isabel wows in see-through outfit at fashion show,https://www.thesun.co.uk/sport/35869816/erling-haaland-girlfriend-isobel-johansen-dolce-gabanna-fashion-show/
GAFFER WOE,Ex-Chelsea boss Maurizio Sarri taken to hospital with 'sudden illness',https://www.thesun.co.uk/sport/35877734/chelsea-maurizio-sarri-hospital-illness-lazio/
DREAM LAND,Dream Team has returned! Everything you need to know about the 2025/26 season,https://www.thesun.co.uk/sport/football/dream-team/35744915/fantasy-football-premier-league-season-rules-prize-leagues/
SWOOP,Chelsea make £80m-rated Aston Villa and England star top transfer target,https://www.thesun.co.uk/sport/35874626/morgan-rogers-chelsea-transfer-aston-villa-jackson/
NEW WRIGHTY,Arsenal look to have hijacked Liverpool's £100k transfer for Salford striker,https://www.thesun.co.uk/sport/35874481/arsenal-salford-striker-will-wright-transfer/
RED ALERT,Liverpool's ambitious Isak bid can keep Man Utd off their perch once and for all,https://www.thesun.co.uk/sport/35864858/liverpool-alexander-isak-transfer-man-utd/
EUR OUT,Uefa bans disgraced club from all competitions for 10 years over match fixing,https://www.thesun.co.uk/sport/35876639/uefa-bans-fk-arsenal-tivat-match-fixing/
YOUNG AT HEART,"Ex-England star Ashley Young, 40, 'offered emotional return to former club'",https://www.thesun.co.uk/sport/35874394/ashley-young-watford-everton-premier-league-transfer/
ROLEX,Win a Rolex or £25k cash alternative from just 8p with our special discount code,https://www.thesun.co.uk/sport/18922011/win-watch-7dp/
MAN ALIVE!,Premier League stadium undergoes major summer revamp with host of new features,https://www.thesun.co.uk/sport/35867790/etihad-new-feature-premier-league/
SAK CHASE,Liverpool 'contact Newcastle over record £120m transfer bid for Isak',https://www.thesun.co.uk/sport/35857255/liverpool-transfer-news-alexander-isak-contact-newcastle/
HATS OFF,Chelsea 'hold talks for Jorrel Hato but must stump up extra £20m for Ajax star',https://www.thesun.co.uk/sport/35865646/jorrel-hato-chelsea-ajax-transfer-talks/
LOOK WHO'S XHAK,Xhaka in talks over Sunderland move as fans predict star's first red card,https://www.thesun.co.uk/sport/35873189/granit-xhaka-sunderland-transfer-newcastle/
STAYING PUT,"Nwaneri, 18, agrees bumper new Arsenal deal amid Chelsea transfer interest",https://www.thesun.co.uk/sport/35866908/arsenal-transfer-news-ethan-nwaneri-new-deal/
NOTT GOING YET,Spurs and Forest in standoff over Gibbs-White as release clause explained,https://www.thesun.co.uk/sport/35862985/tottenham-nottingham-forest-morgan-gibbs-white-release-clause/
KAI & MIGHTY,'That's Henry Cavill' - Arsenal fans stunned by Havertz body transformation,https://www.thesun.co.uk/sport/35856329/kai-havertz-arsenal-body-transformation/
GROUND BREAKING,Prem club share first images of incredible stadium plans to double capacity,https://www.thesun.co.uk/sport/35866319/bournemouth-new-stadium-expansion/
RACISM STORM,Former Tottenham wonderkid breaks down in tears after being ‘racially abused',https://www.thesun.co.uk/sport/35873097/ex-tottenham-star-racist-abuse-tears-aramide-oteh/
STRIFE OF BRYAN,Man Utd fans give up on next season after latest Mbeumo transfer update,https://www.thesun.co.uk/sport/35848479/man-utd-bryan-mbeumo-latest-transfer/
KOP A LOAD OF THAT,Arsenal face missing out on Rodrygo with Liverpool ready to 'go all in',https://www.thesun.co.uk/sport/35866419/transfer-news-arsenal-liverpool-rodrygo/
FOOTIE SHOCK,Lamine Yamal may be investigated after ‘dwarfs hired for 18th birthday party’,https://www.thesun.co.uk/sport/35836353/barcelona-news-lamine-yamal-dwarf-party/
STEVIE GLEE,"Steven Gerrard, 45, becomes a grandad as his daughter Lilly gives birth",https://www.thesun.co.uk/sport/35851068/steven-gerrard-becomes-grandad-daughter-ella-boyfriend/
EZE DOES IT,Arsenal face missing out on Eze as European giants go head-to-head for transfer,https://www.thesun.co.uk/sport/35838270/arsenal-eze-transfer-battle-bayern-munich-exclusive/
DEAL ME IN,"Champions League winner's son, 18, follows dad's footsteps by signing pro deal",https://www.thesun.co.uk/sport/35862394/wesley-sneijder-son-jessey-contract-utrecht/
TRUMP CARD,Trump reveals he's keeping CWC trophy after gatecrashing Chelsea celebrations,https://www.thesun.co.uk/sport/35866129/donald-trump-keeping-club-world-cup-trophy-chelsea-gatecrash/
EXCLUSIVE,BetMGM Casino welcome offer: Up to £200 extra+100 free spins on Big Bass Splash,https://www.thesun.co.uk/betting/35478540/exclusive-betmgm-casino-offer/
WELCOME BONUS,Get up to £40 in free bets to spend on football with talkSPORT BET,https://www.thesun.co.uk/sport/27779571/talksport-bet-welcome-bonus-register-free-offer-sign-up/
TOTELY GREAT,Get £30 in free bets and 20 free spins when you stake £10 on football at Tote,https://www.thesun.co.uk/sport/28173646/tote-welcome-bonus-free-bets-offer-promo-code/
SPACE INVADER,Chelsea star’s stunning model Wag captured ‘best UFO footage ever’,https://www.thesun.co.uk/sport/35856297/chelsea-joao-felix-wag-best-ufo-alien/
SPURRED ON,"Championship club confirm plans for 60,000 stadium with feature used by Spurs",https://www.thesun.co.uk/sport/35837314/birmingham-new-stadium-spurs-track/
TAKE YOUR VIK,Arsenal's Viktor Gyokeres transfer 'at serious risk of complete collapse',https://www.thesun.co.uk/sport/35847916/arsenal-viktor-gyokeres-transfer-sporting/
HUGO BOSS,Newcastle submit club record £69.5m bid for Frankfurt star Hugo Ekitike,https://www.thesun.co.uk/sport/35844633/newcastle-hugo-ekitike-transfer-bid-eintracht-frankfurt/
TOP TRUMPS,Donald Trump spotted pocketing Club World Cup winners medal on stage,https://www.thesun.co.uk/sport/35868060/donald-trump-pocket-club-world-cup-medal/
RATED,Best online casinos | Top UK casino sites (July 2025),https://www.thesun.co.uk/betting/32855412/best-online-casinos-uk/
CASI-YES,Best casino apps: Top 10 mobile casinos in the UK (2025),https://www.thesun.co.uk/betting/33044287/best-casino-apps-uk/
SLOT STAR,Best slot sites in the UK: Top online slots casinos in 2025,https://www.thesun.co.uk/betting/33374504/best-slot-sites-uk/
BLUE MOVES,How Maresca can fit £190m new strikers into his Chelsea team next season,https://www.thesun.co.uk/sport/35775235/maresca-chelsea-striker-tactics-delap-joao-pedro-estevao-gittens/
TAKING THE KP,England legend Pietersen trolls Arsenal after Chelsea's Club World Cup glory,https://www.thesun.co.uk/sport/35838094/kevin-pietersen-chelsea-trolls-arsenal-club-world-cup/
RASH DEAL,Liverpool 'consider' Rashford move claims shock report as saga takes fresh twist,https://www.thesun.co.uk/sport/35865365/marcus-rashford-liverpool-transfer-man-utd/
BIT THE DUST,Man Utd blow as bargain striker target snubs Old Trafford move,https://www.thesun.co.uk/sport/35823595/man-utd-dusan-vlahovic-juventus/
MARC'D MAN,Liverpool to make 'take-it-or-leave-it' offer for Crystal Palace star Marc Guehi,https://www.thesun.co.uk/sport/35820705/liverpool-marc-guehi-transfer-bid-crystal-palace/
UNITED LATEST,"Brentford 'RAISE Mbeumo price', Utd 'eye Jackson', Estupinan 'interest'",https://www.thesun.co.uk/sport/35383362/man-utd-transfer-news-live-mbeumo-palhinha-jackson-updates/
GUNNERS LATEST,"Gyokeres 'set for MEDICAL', Madueke IMMINENT, Nwaneri agrees NEW contract",https://www.thesun.co.uk/sport/35382625/arsenal-transfer-news-live-gyokeres-medical-madueke-updates/
DEAL PENDING,Man Utd keeper wanted by Championship side as Reds face stopper crisis,https://www.thesun.co.uk/sport/35823170/man-utd-goalkeeper-millwall-radek-vitek/
BEING FRANK,Udogie appears to accidentally leak new Spurs tactic with stars 'auditioning',https://www.thesun.co.uk/sport/35844293/destiny-udogie-new-tottenham-tactic-thomas-frank-brentford/
BARN STORMER,Little-known Chelsea ace who was recently at BARNSLEY celebrates with glam Wag,https://www.thesun.co.uk/sport/35843643/chelsea-gabriel-slonina-girlfriend-club-world-cup-barnsley/
OH NO-NA,Man Utd in huge transfer dilemma as Andre Onana ruled out of US tour,https://www.thesun.co.uk/sport/35816300/man-utd-andre-onana-injury-transfer-dilemma/
CATS OUT THE BAG,Sunderland ready to make wonderkid Rigg one of Prem's best-paid youngsters,https://www.thesun.co.uk/sport/35819617/sunderland-chris-rigg-pay-rise-transfer-exclusive/
ARE YOU MAD?,Rio brands Arsenal fans 'utter disgrace' over petition to not sign Madueke,https://www.thesun.co.uk/sport/35818045/ferdinand-arsenal-disgrace-petition-madueke/
ANDREW DILLON,The silence over Enzo Fernandez racism row is deafening a year on,https://www.thesun.co.uk/sport/35605860/chelsea-enzo-fernandez-racism-row-update/
DAVE KIDD,Beckham deserves knighthood for changing working-class English lads forever,https://www.thesun.co.uk/sport/35432104/david-beckham-knighthood-working-class/
KARREN BRADY,Fans will see even more rule changes next season - when will this ever end?,https://www.thesun.co.uk/sport/35099462/premier-league-rule-changes-football-rules-karren-brady/
